{
  "project_info": {
    "project_number": "339404911089",
    "project_id": "esp32-android-8ff93",
    "storage_bucket": "esp32-android-8ff93.appspot.com"
  },
  "client": [
    {
      "client_info": {
        "mobilesdk_app_id": "1:339404911089:android:ec80f160dbf9ebdb061450",
        "android_client_info": {
          "package_name": "com.example.markone"
        }
      },
      "oauth_client": [
        {
          "client_id": "339404911089-nvr8g2dqvk0oip23lusb12tbj7ppqllj.apps.googleusercontent.com",
          "client_type": 3
        }
      ],
      "api_key": [
        {
          "current_key": "AIzaSyA9s9Ps8S3fCt5PHggGe8mgHz6FT5kO3NQ"
        }
      ],
      "services": {
        "appinvite_service": {
          "other_platform_oauth_client": [
            {
              "client_id": "339404911089-nvr8g2dqvk0oip23lusb12tbj7ppqllj.apps.googleusercontent.com",
              "client_type": 3
            }
          ]
        }
      }
    }
  ],
  "configuration_version": "1"
}